1,2,3,4,5,6,7,8,9,10,11,12,13,14,15,16,17,18
-0.00355946,0.00415742,0.0177487,0.0353318,0.0549626,0.0764809,0.100376,0.121605,0.151372,0.184823,0.224745,0.274161,0.336872,0.422589,0.519183,0.682226,0.871815,1.12332
-0.000633937,0.0262028,0.0673733,0.113181,0.160687,0.20642,0.26029,0.3124,0.369973,0.412518,0.477473,0.553968,0.645099,0.753524,0.884956,1.0769,1.31175,1.61638
-0.00480208,-0.00192723,0.00229851,0.00774318,0.0144513,0.0213767,0.0306471,0.0413486,0.0534223,0.0717773,0.0959749,0.131695,0.181577,0.249931,0.341811,0.467227,0.642613,0.882663
-0.00168943,0.0193389,0.0523868,0.0902774,0.13233,0.177984,0.221036,0.273726,0.32978,0.374221,0.443161,0.520417,0.612592,0.724596,0.865576,1.0494,1.28309,1.5779
-0.0034134,0.00449567,0.0187132,0.037442,0.0592739,0.0834723,0.109061,0.138968,0.165748,0.20441,0.250504,0.305815,0.373262,0.455977,0.575679,0.720744,0.905335,1.14708
-0.00282988,0.0110294,0.0342282,0.0619529,0.0925824,0.125496,0.157993,0.188679,0.2297,0.273406,0.326218,0.385469,0.45822,0.545792,0.663371,0.813767,1.01044,1.26352
-0.00161125,0.0183336,0.0493163,0.0857827,0.123828,0.160363,0.202924,0.243203,0.276734,0.32611,0.381273,0.444666,0.520925,0.613251,0.729773,0.891047,1.1037,1.36731
-0.00255332,0.0110351,0.0342989,0.0623228,0.0929229,0.123512,0.158557,0.189646,0.226404,0.270201,0.318855,0.376678,0.445495,0.527761,0.63977,0.772993,0.947094,1.17544
-0.000521029,0.0275417,0.0702362,0.11674,0.16886,0.22403,0.278729,0.340506,0.393358,0.483713,0.542393,0.634711,0.738197,0.896947,1.04698,1.22538,1.40342,1.78824
-0.00079844,0.0263431,0.0675179,0.11387,0.161843,0.20952,0.261089,0.312298,0.356417,0.415678,0.478328,0.550921,0.635497,0.735268,0.858361,1.0131,1.20328,1.44485
-0.00375681,0.00386759,0.0169589,0.0337037,0.0523887,0.0726592,0.0951318,0.114649,0.142142,0.173443,0.21281,0.261023,0.321861,0.407929,0.522655,0.672593,0.870761,1.13544
-0.00467987,-0.000733721,0.00527422,0.0143087,0.026346,0.0401902,0.0579359,0.0761927,0.103638,0.129915,0.166613,0.213007,0.27,0.344162,0.457852,0.588757,0.7694,0.999169
-0.00177166,0.018647,0.0507182,0.0879537,0.127039,0.166267,0.20768,0.245566,0.305438,0.342702,0.400561,0.470523,0.55236,0.654781,0.785191,0.960781,1.17899,1.46459
-0.00252366,0.0118027,0.0360251,0.0661409,0.0999975,0.133801,0.174714,0.218659,0.257016,0.306047,0.365735,0.434052,0.517409,0.617999,0.750043,0.911126,1.1188,1.38171
-0.000838998,0.026409,0.0682423,0.114457,0.163631,0.212902,0.267242,0.320678,0.382468,0.428644,0.496059,0.576036,0.668353,0.778086,0.913267,1.06811,1.31147,1.59657
-0.000542296,0.0274538,0.0707369,0.118254,0.171634,0.227836,0.288519,0.346491,0.402225,0.492076,0.573395,0.636923,0.742553,0.868367,1.01386,1.19364,1.45724,1.76162
-0.00164895,0.0186387,0.0493711,0.0860002,0.124374,0.161496,0.206707,0.24736,0.293098,0.33301,0.388431,0.456772,0.539285,0.638288,0.781117,0.910511,1.17034,1.45597
-0.00262679,0.0110013,0.0343102,0.0623069,0.0929494,0.124467,0.160224,0.187683,0.237529,0.270092,0.320713,0.379231,0.449158,0.533078,0.635897,0.783491,0.952437,1.17563
-0.00266365,0.0113779,0.0349449,0.0634934,0.0948948,0.12918,0.166975,0.193413,0.236483,0.281619,0.334494,0.395702,0.46922,0.557579,0.665936,0.828521,1.02305,1.27001
-0.00178621,0.0189069,0.0516718,0.0894978,0.130013,0.173001,0.21676,0.26544,0.318614,0.359929,0.427096,0.500464,0.588514,0.696305,0.841521,1.02199,1.24845,1.55775
-0.00267628,0.0113692,0.0349146,0.0637129,0.0951975,0.129783,0.163407,0.202244,0.239241,0.282223,0.335899,0.398993,0.474424,0.565585,0.69293,0.85069,1.05529,1.31479
-0.00495561,-0.00128842,0.00380333,0.0109606,0.019793,0.0302042,0.0409666,0.0567373,0.0749237,0.0971643,0.125184,0.161454,0.206779,0.271981,0.367236,0.483669,0.642217,0.849905
-0.00361125,0.00414121,0.0177308,0.0353102,0.0553481,0.0774155,0.095899,0.12621,0.149462,0.182523,0.22265,0.271505,0.332962,0.407197,0.528945,0.672424,0.860453,1.10451
-0.00265615,0.0116715,0.0359474,0.0650452,0.0980243,0.132488,0.17087,0.206265,0.249122,0.299019,0.35267,0.416454,0.492623,0.583532,0.705199,0.851263,1.0349,1.27197
-0.00444686,-0.00102692,0.00446876,0.0123365,0.023121,0.0360275,0.0506503,0.0674958,0.0887199,0.112298,0.146575,0.190013,0.248829,0.310022,0.404347,0.593874,0.795177,1.05379
-0.00281215,0.0110716,0.0340915,0.0620208,0.0925623,0.124012,0.158413,0.196214,0.229512,0.273357,0.32472,0.388009,0.463773,0.557202,0.673726,0.862827,1.08249,1.36452
-0.00397704,0.00352254,0.0160431,0.0317801,0.049267,0.0672441,0.0857974,0.103585,0.127395,0.154213,0.187342,0.228116,0.279868,0.353843,0.450152,0.57476,0.743834,0.965314
-0.00484716,-0.00118611,0.00392533,0.0109975,0.0204321,0.0305971,0.0435503,0.0599583,0.0765567,0.100155,0.128959,0.165338,0.211751,0.269564,0.370848,0.487609,0.641462,0.842596
-0.000640922,0.0266984,0.0675919,0.111281,0.158984,0.20831,0.258973,0.310599,0.357224,0.410523,0.47371,0.544491,0.629672,0.730481,0.860365,1.02763,1.22276,1.49476
-0.0045881,-0.00100947,0.00393474,0.0108844,0.0206856,0.0306548,0.0440468,0.0578191,0.0776476,0.100998,0.130325,0.167475,0.215058,0.278961,0.37642,0.502652,0.66043,0.87285
-0.00344317,0.0039095,0.0168558,0.0333514,0.0521855,0.0712779,0.0926075,0.115912,0.135924,0.165344,0.202248,0.246756,0.313146,0.370139,0.458427,0.591158,0.824954,1.07782
-0.00338706,0.00468629,0.0194251,0.0387977,0.0614581,0.08679,0.113929,0.139832,0.175839,0.213868,0.25934,0.313948,0.379858,0.460686,0.575226,0.717274,0.893342,1.11945
-0.00180757,0.0191374,0.0521161,0.0912318,0.13297,0.176464,0.22176,0.274822,0.314839,0.393408,0.438429,0.515577,0.60779,0.71988,0.852124,1.0416,1.27009,1.55554
-0.00467644,-0.000731807,0.00505304,0.0142793,0.0260377,0.0398798,0.0574099,0.0778227,0.09981,0.130065,0.167318,0.214039,0.273626,0.364208,0.473296,0.623035,0.812916,1.06085
-0.00498049,-0.00108438,0.00449419,0.0122626,0.0223488,0.0347163,0.0488861,0.0638876,0.0842865,0.109329,0.140221,0.180006,0.229778,0.302941,0.399682,0.524278,0.696974,0.913741
-0.00251014,0.0114905,0.0352525,0.0642849,0.0964241,0.131134,0.166402,0.206186,0.240593,0.289471,0.343024,0.406677,0.481674,0.571265,0.689842,0.83374,1.01434,1.24454
-0.00504947,-0.00264371,0.00215959,0.00729727,0.0136192,0.0200298,0.0283001,0.0381668,0.0485646,0.0636206,0.0837186,0.109924,0.145052,0.187635,0.284169,0.392981,0.547025,0.74695
-0.00044275,0.0271254,0.0685737,0.115102,0.166019,0.22,0.27267,0.332238,0.39088,0.444716,0.514446,0.595264,0.687863,0.79654,0.927965,1.08105,1.2936,1.53995
-0.000612191,0.0269989,0.0697158,0.117561,0.167129,0.222164,0.274162,0.330657,0.404248,0.4588,0.560996,0.616517,0.718227,0.83983,0.988418,1.18009,1.40079,1.70177
-0.0032724,0.00450937,0.0186698,0.0373303,0.0586336,0.0830176,0.103328,0.133779,0.171716,0.198236,0.24117,0.292399,0.354443,0.430463,0.538574,0.667452,0.829916,1.04562
-0.00336063,0.0047046,0.0194248,0.0389516,0.0609337,0.0863423,0.114712,0.140519,0.176067,0.215977,0.264036,0.321852,0.392958,0.478534,0.609748,0.767726,0.971898,1.23472
-0.00140935,0.0191194,0.0512351,0.0889518,0.129349,0.172529,0.216322,0.262239,0.312159,0.353715,0.415789,0.483055,0.564699,0.661817,0.804205,0.917842,1.08776,1.38968
-0.00457285,-0.00115551,0.00384797,0.011109,0.0202973,0.0323553,0.0453916,0.057865,0.0791462,0.102672,0.129242,0.166646,0.216823,0.278111,0.341504,0.479552,0.644959,0.844174
-0.00317092,0.00473708,0.019483,0.0390129,0.0619513,0.0872336,0.114218,0.144712,0.172845,0.212852,0.257823,0.311707,0.375897,0.45375,0.567783,0.687001,0.804556,1.06591
-0.00363929,0.00385297,0.0169479,0.0336773,0.0525519,0.0727698,0.093466,0.119045,0.140364,0.172546,0.211353,0.259294,0.318327,0.393738,0.518272,0.668386,0.864718,1.11875
-0.00174687,0.0191445,0.0509443,0.0882176,0.128943,0.172319,0.217686,0.260338,0.31211,0.369615,0.433919,0.484355,0.568645,0.668411,0.812971,0.933359,1.10542,1.43175
-0.00178985,0.0189385,0.0504496,0.087835,0.127129,0.16866,0.209557,0.25329,0.293265,0.345675,0.402455,0.471523,0.553346,0.654497,0.772431,0.945313,1.1591,1.42768
-0.00275856,0.0113263,0.0353013,0.0643674,0.0958239,0.131254,0.167888,0.20101,0.244947,0.294352,0.353755,0.419969,0.50306,0.602857,0.745431,0.91869,1.13918,1.42708
-0.00325707,0.00474122,0.0194651,0.0389416,0.0613186,0.0867731,0.114827,0.14452,0.173947,0.224451,0.259619,0.317821,0.388037,0.474323,0.60831,0.765654,0.972257,1.23772
-0.00353748,0.00364161,0.016057,0.031716,0.0492354,0.0668987,0.0868389,0.1024,0.125495,0.150821,0.181568,0.219195,0.265525,0.33322,0.39056,0.523064,0.673608,0.866818
-0.00165526,0.0187641,0.0507903,0.0874627,0.126848,0.167565,0.210352,0.257893,0.294219,0.350303,0.408517,0.479355,0.564324,0.668315,0.790235,0.979755,1.195,1.48394
-0.00186511,0.0190687,0.0524312,0.0903891,0.132385,0.176275,0.223483,0.274729,0.32985,0.373178,0.436257,0.511222,0.599325,0.705036,0.832633,1.00652,1.21703,1.48249
-0.00354437,0.00471712,0.0195231,0.0391638,0.0615566,0.0866249,0.11578,0.14754,0.176446,0.216395,0.263045,0.319937,0.389054,0.474692,0.595575,0.739622,0.929534,1.16998
-0.00356323,0.00392681,0.0168762,0.0334488,0.0522576,0.0722174,0.0930886,0.11154,0.13745,0.165324,0.200298,0.243041,0.296036,0.370481,0.463387,0.585818,0.748673,0.95873
-0.00360075,0.00389232,0.0169393,0.0336024,0.0517757,0.0725681,0.0941645,0.113123,0.141532,0.1716,0.20986,0.257954,0.319253,0.402427,0.519061,0.670691,0.873675,1.1392
-0.00496614,-0.00103852,0.00448949,0.0122677,0.023304,0.0351516,0.0505307,0.0655455,0.0878219,0.113723,0.146131,0.186789,0.237907,0.304068,0.412947,0.542527,0.707691,0.926173
-0.00499822,-0.000959996,0.0052107,0.0142022,0.0258199,0.0386939,0.0550237,0.0777065,0.0975936,0.127059,0.163171,0.208702,0.264422,0.340076,0.453191,0.591153,0.763953,1.00451
-0.00352251,0.00440312,0.0186056,0.0371375,0.0584222,0.0820344,0.106517,0.134335,0.167428,0.192719,0.234736,0.28478,0.344967,0.418968,0.508151,0.657866,0.825878,1.04497
-0.00484397,-0.00136895,0.00287195,0.00864451,0.0169482,0.0253143,0.0365373,0.0491523,0.0619538,0.0814189,0.106121,0.137859,0.177012,0.246277,0.330169,0.440335,0.594826,0.794992
-0.0038188,0.00365775,0.0160345,0.0316634,0.0487551,0.0671127,0.0855772,0.104225,0.126284,0.151996,0.184146,0.223896,0.274051,0.347787,0.441538,0.569363,0.735083,0.955313
-0.000521382,0.0272317,0.0685907,0.115336,0.165926,0.218006,0.269142,0.324664,0.387633,0.439182,0.528996,0.58297,0.670686,0.775044,0.925953,1.05323,1.2205,1.45696
-0.00356622,0.00466391,0.019427,0.0389616,0.0608557,0.0878829,0.116307,0.13998,0.174388,0.214953,0.261932,0.318777,0.388281,0.476437,0.577467,0.746133,0.93971,1.18721
-0.00467413,-0.00111773,0.00373424,0.0105556,0.0196738,0.0304747,0.0412961,0.0570782,0.0732486,0.0961039,0.125809,0.163588,0.213944,0.272502,0.399258,0.54313,0.732566,0.986754
-0.000561877,0.0271578,0.0679203,0.113039,0.16253,0.213251,0.265321,0.321582,0.379584,0.432157,0.500843,0.581926,0.679056,0.795857,0.940117,1.13935,1.37205,1.68932
-0.00181974,0.0184868,0.0498199,0.0845361,0.122261,0.160694,0.196348,0.239821,0.284618,0.320053,0.370117,0.428932,0.49856,0.601062,0.684187,0.802441,0.989043,1.22064
-0.00520391,-0.00103561,0.00448898,0.0122307,0.0231257,0.0349852,0.0499709,0.0656846,0.0868306,0.111875,0.14322,0.182791,0.231958,0.29975,0.394673,0.513428,0.669181,0.873243
-0.00375245,0.00362784,0.016131,0.0319438,0.0487263,0.0686844,0.0866896,0.106528,0.128765,0.156246,0.190018,0.231393,0.282558,0.356646,0.451948,0.580256,0.746862,0.969733
-0.00258084,0.010543,0.0324538,0.0577503,0.0855027,0.114173,0.142904,0.174454,0.210525,0.239432,0.281482,0.334715,0.399694,0.492733,0.576189,0.739087,0.956737,1.21931
-0.0028978,0.0110475,0.034309,0.0624074,0.0931994,0.126041,0.159392,0.197912,0.227953,0.272498,0.323388,0.383264,0.452769,0.53664,0.650195,0.779655,0.951478,1.17785
-0.00338549,0.00418205,0.0178936,0.0356723,0.0556177,0.0774619,0.100807,0.130647,0.154106,0.190568,0.234573,0.288187,0.35485,0.438839,0.571969,0.735139,0.950321,1.22771
-0.00276708,0.0106936,0.0332875,0.0601738,0.0890121,0.119774,0.153874,0.187037,0.226876,0.257542,0.306429,0.364766,0.434969,0.519381,0.623626,0.795217,0.989125,1.2378
-0.00158265,0.0193732,0.0515827,0.0910089,0.133044,0.177577,0.225048,0.271939,0.326975,0.370956,0.436255,0.509433,0.596742,0.699245,0.827625,0.974276,1.19938,1.46216
-0.00504839,-0.00186433,0.00214969,0.00758735,0.0139997,0.02,0.029092,0.0414418,0.05338,0.0717189,0.0959058,0.131525,0.186227,0.256711,0.349443,0.495575,0.680696,0.930468
-0.00485287,-0.00197594,0.00213935,0.00732576,0.0133427,0.0207601,0.0257427,0.0356066,0.0476191,0.0621982,0.081471,0.106699,0.14038,0.181268,0.275123,0.382962,0.52761,0.72325
-0.00326753,0.00370102,0.0160737,0.0317532,0.0480676,0.0675104,0.0870731,0.102133,0.127219,0.152332,0.185054,0.224971,0.275225,0.349499,0.443783,0.564843,0.732165,0.949056
-0.00159129,0.0196472,0.0532609,0.0931575,0.136176,0.182223,0.229138,0.28025,0.337451,0.383704,0.454316,0.534382,0.629073,0.742979,0.891608,1.07437,1.32148,1.62453
-0.000890532,0.0268275,0.0681019,0.114611,0.16361,0.215122,0.266375,0.31742,0.38542,0.430527,0.500783,0.578949,0.671883,0.779453,0.940317,1.09736,1.23473,1.55247
-0.000628693,0.0275141,0.0709494,0.12051,0.173632,0.22833,0.292181,0.349389,0.402256,0.473686,0.555971,0.640151,0.742306,0.864648,1.00891,1.18862,1.40497,1.67374
-0.00182532,0.0194518,0.0528203,0.0918436,0.135071,0.182218,0.225687,0.280364,0.338461,0.38854,0.456277,0.535358,0.629972,0.743973,0.880235,1.04089,1.29185,1.58135
-0.00490033,-0.000845664,0.0050924,0.0141044,0.0255,0.0391748,0.0556144,0.0731621,0.096036,0.12411,0.157569,0.198913,0.252335,0.32604,0.419214,0.544091,0.701641,0.908628
-0.00356585,0.00392059,0.0168389,0.0333888,0.0516628,0.0704389,0.0895077,0.116647,0.135782,0.166696,0.203719,0.249521,0.309456,0.394551,0.499133,0.650707,0.851631,1.11106
-0.000610782,0.0266281,0.0682915,0.114774,0.163579,0.214572,0.261509,0.31799,0.381461,0.424208,0.492485,0.571919,0.664523,0.774974,0.928401,1.07011,1.32027,1.61353
-0.00286185,0.0106071,0.0324172,0.0586772,0.0867948,0.116742,0.144188,0.177639,0.204413,0.243286,0.288863,0.342265,0.407318,0.50157,0.578654,0.741374,0.933164,1.17856
-0.000620435,0.0270312,0.0692125,0.116631,0.168725,0.223665,0.280833,0.335985,0.398754,0.465597,0.549339,0.610004,0.703116,0.814185,0.982105,1.13366,1.31855,1.54273
-0.00063209,0.0265346,0.0683699,0.113986,0.163093,0.214484,0.263162,0.318929,0.380917,0.430413,0.497099,0.572658,0.66357,0.771226,0.898443,1.07354,1.2788,1.56049
-0.00333168,0.00448087,0.0186588,0.0372639,0.0591753,0.0824656,0.108771,0.131814,0.165167,0.202329,0.245842,0.299006,0.363302,0.442914,0.557303,0.700384,0.877289,1.11156
-0.00355723,0.00440306,0.0185974,0.0371933,0.0586487,0.0829207,0.107668,0.138097,0.164065,0.201931,0.248549,0.304282,0.373651,0.459036,0.597453,0.76243,0.972945,1.25369
-0.00350997,0.0041637,0.0178084,0.0354438,0.0553963,0.0766634,0.0976012,0.128102,0.150648,0.183403,0.223112,0.271059,0.329554,0.409614,0.510681,0.636287,0.808215,1.02765
-0.000764483,0.026745,0.0679997,0.115049,0.163706,0.212339,0.267288,0.313586,0.381533,0.428543,0.496497,0.578839,0.669818,0.780682,0.913094,1.08238,1.32443,1.61455
-0.00180858,0.0185057,0.0495137,0.0857417,0.123475,0.16125,0.202163,0.233798,0.28998,0.340404,0.375237,0.439464,0.514473,0.60579,0.715234,0.88096,1.09168,1.35242
-0.00519574,-0.00126828,0.003793,0.0106886,0.0201661,0.0300893,0.0434242,0.0581456,0.0755314,0.0994784,0.129677,0.169077,0.21814,0.283021,0.409658,0.551723,0.740465,0.995314
-0.00155617,0.0185154,0.0500589,0.0862292,0.12379,0.162148,0.199107,0.244577,0.27778,0.325668,0.377424,0.438889,0.511742,0.598839,0.704553,0.834624,1.0344,1.26986
-0.00380129,0.00416349,0.0177357,0.0353192,0.0554166,0.0777278,0.1002,0.126184,0.149063,0.182139,0.221912,0.269586,0.328206,0.412206,0.501757,0.594193,0.80002,1.03688
-0.00453204,-0.000950998,0.00443016,0.0126406,0.0229547,0.0351271,0.0498436,0.0657062,0.0869008,0.112997,0.14522,0.185357,0.235032,0.302374,0.401729,0.530358,0.695456,0.908217
-0.000558626,0.0266977,0.0670024,0.11262,0.159395,0.206858,0.256935,0.308734,0.354862,0.405709,0.465692,0.532586,0.611761,0.704993,0.820485,0.956503,1.13486,1.36146
-0.00182195,0.0183813,0.0498321,0.085932,0.123787,0.163736,0.200444,0.235373,0.282258,0.331213,0.385677,0.451767,0.530049,0.624525,0.741271,0.917891,1.13122,1.40863
-0.00248276,0.0107764,0.0331547,0.0603556,0.089795,0.119178,0.15176,0.186127,0.215146,0.255385,0.302184,0.357884,0.42427,0.505585,0.60236,0.750142,0.928405,1.16131
-0.00251965,0.0115368,0.0352615,0.0640634,0.0961346,0.1313,0.165628,0.20661,0.241891,0.291693,0.347169,0.412941,0.490735,0.586366,0.699369,0.875195,1.07482,1.32764
-0.00265219,0.0111258,0.0341697,0.0622362,0.0934115,0.125782,0.158567,0.195758,0.228168,0.271836,0.323309,0.383462,0.456364,0.543649,0.666464,0.815828,1.00975,1.25386
-0.00170778,0.0184224,0.0496254,0.0860605,0.124113,0.163589,0.201674,0.246239,0.292079,0.328149,0.384887,0.450546,0.544105,0.639332,0.733877,0.871685,1.10043,1.3813
-0.00475707,-0.00122896,0.00306854,0.00906362,0.0165499,0.024637,0.034509,0.0465082,0.0608101,0.0767285,0.0995742,0.129237,0.169534,0.220362,0.278478,0.371278,0.568144,0.767415
-0.00177476,0.0190595,0.0521592,0.0910113,0.132496,0.175394,0.222029,0.27254,0.313366,0.372235,0.435116,0.510391,0.599383,0.707183,0.835742,1.01648,1.24138,1.53152
-0.00161435,0.018494,0.049816,0.0858251,0.122178,0.162082,0.197615,0.246119,0.292377,0.346336,0.387826,0.455025,0.536252,0.653507,0.75453,0.899034,1.14738,1.44388
-0.00245129,0.0114441,0.0351139,0.0638359,0.0955297,0.129866,0.163816,0.202396,0.236865,0.28306,0.336125,0.398663,0.473404,0.563452,0.68252,0.837146,1.03416,1.2869
-0.00173511,0.0185045,0.0498331,0.0853818,0.123045,0.161927,0.199871,0.233008,0.288618,0.321531,0.37309,0.434328,0.50512,0.590196,0.693559,0.820801,1.02028,1.25211
-0.00173707,0.0191834,0.052366,0.0910632,0.132639,0.17746,0.222225,0.270564,0.325927,0.369393,0.432681,0.507612,0.595996,0.70177,0.827904,1.01838,1.23572,1.51941
-0.000561891,0.0273878,0.0704906,0.12019,0.170088,0.224221,0.285965,0.347414,0.414784,0.475017,0.556207,0.6458,0.752904,0.879265,1.03025,1.21654,1.48942,1.81203
-0.000463013,0.0279696,0.0709407,0.120669,0.173718,0.229568,0.290963,0.347103,0.418891,0.475286,0.552261,0.642381,0.748262,0.872865,1.01939,1.21952,1.45464,1.75419
-0.00177479,0.0188787,0.050941,0.0883065,0.129283,0.172486,0.216772,0.264149,0.319121,0.377198,0.421539,0.493491,0.579575,0.681623,0.831625,0.951262,1.16843,1.45603
-0.00282304,0.0105116,0.0324661,0.0581259,0.0857483,0.114878,0.142871,0.173972,0.200213,0.239078,0.277493,0.32635,0.384895,0.456055,0.545858,0.673071,0.836389,1.04195
-0.00344674,0.00398408,0.0170178,0.0338314,0.0528384,0.07291,0.0909781,0.120569,0.141583,0.174427,0.213749,0.262063,0.322232,0.410006,0.517323,0.609592,0.860201,1.1192
-0.00255642,0.0116393,0.0360483,0.0652834,0.098546,0.13311,0.175277,0.205497,0.25057,0.300554,0.358161,0.422805,0.501306,0.593545,0.70817,0.863227,1.05028,1.28857
-0.00537369,-0.00165633,0.00281395,0.00893478,0.0160152,0.0251705,0.0351179,0.0474851,0.0610112,0.080739,0.106723,0.140177,0.183748,0.263934,0.361851,0.504848,0.689526,0.944508
-0.00090189,0.0264785,0.0673899,0.113304,0.161015,0.211802,0.256568,0.313303,0.370689,0.415729,0.480796,0.554533,0.641364,0.745509,0.866601,1.01821,1.2376,1.5013
-0.000557138,0.0264251,0.0677209,0.112228,0.161358,0.212874,0.266575,0.316495,0.375106,0.44023,0.48766,0.562599,0.64827,0.74788,0.865474,1.03899,1.17306,1.35996
-0.00340578,0.00368245,0.0159816,0.0315496,0.0484926,0.0662378,0.0856474,0.10552,0.122178,0.147067,0.178094,0.215638,0.262129,0.329075,0.412408,0.484651,0.681207,0.882146
-0.000502993,0.0259811,0.0672233,0.11281,0.160511,0.209271,0.256338,0.305223,0.363828,0.424807,0.468618,0.539243,0.620956,0.715594,0.82784,0.969704,1.11946,1.38549
-0.00299481,0.0105098,0.0323619,0.0580925,0.0852923,0.114705,0.141901,0.167273,0.199842,0.234425,0.274831,0.323255,0.381872,0.451885,0.553651,0.679473,0.841258,1.05551
-0.00517605,-0.001248,0.00376994,0.0105403,0.0207122,0.0311453,0.0440477,0.05797,0.0776737,0.101112,0.131147,0.168858,0.216645,0.284066,0.385785,0.510338,0.677328,0.891965
-0.00457655,-0.00104986,0.00376404,0.0106319,0.0196828,0.0306265,0.0418445,0.0563597,0.0718534,0.092942,0.119239,0.152113,0.196109,0.250848,0.332601,0.395962,0.575,0.759249
-0.00352471,0.00362252,0.0159932,0.0315937,0.0478082,0.0655473,0.0842064,0.101847,0.125277,0.152402,0.185288,0.227022,0.288987,0.361353,0.429841,0.610404,0.802259,1.05815
-0.00260023,0.0113797,0.0352217,0.0643252,0.0965325,0.130411,0.165965,0.201684,0.243224,0.289625,0.345394,0.408465,0.483731,0.572917,0.682329,0.831336,1.01462,1.24596
-0.00475245,-0.000775658,0.00526099,0.0141557,0.0260447,0.0408626,0.05707,0.0776914,0.098484,0.127779,0.163144,0.207055,0.261024,0.330334,0.435099,0.559736,0.724317,0.935371
-0.00158612,0.0194278,0.0518571,0.0922966,0.13576,0.18234,0.230117,0.283947,0.342026,0.40818,0.460276,0.542837,0.64153,0.758923,0.929527,1.07063,1.33957,1.67164
-0.00259214,0.0107062,0.0334626,0.0599136,0.0893401,0.120854,0.151964,0.188937,0.226635,0.258329,0.306794,0.365987,0.435528,0.536801,0.625285,0.753307,0.980463,1.2467
-0.00248506,0.0116311,0.0358791,0.0647063,0.0982462,0.134627,0.17215,0.216163,0.261683,0.302464,0.36081,0.428532,0.508524,0.625187,0.74347,0.849454,1.01258,1.30915
-0.00361627,0.00365824,0.0161405,0.0319745,0.0492367,0.0669883,0.0850046,0.105946,0.130516,0.158077,0.191926,0.233998,0.291816,0.355004,0.464811,0.594799,0.770775,0.996081
-0.00489748,-0.000894967,0.00526949,0.0144118,0.0264559,0.040141,0.0568415,0.0786748,0.102748,0.132637,0.169771,0.21633,0.273031,0.350727,0.442381,0.589852,0.764009,0.988709
-0.00358485,0.00357233,0.0160658,0.0318328,0.0491185,0.0673222,0.0861362,0.107785,0.125849,0.154064,0.187665,0.229643,0.281948,0.357314,0.454016,0.5907,0.784036,1.02407
-0.00051613,0.0271991,0.069662,0.117874,0.169582,0.225152,0.279393,0.34046,0.407863,0.479284,0.531253,0.617726,0.71731,0.83516,0.978349,1.14545,1.38513,1.66949
-0.00147514,0.0198042,0.0527032,0.0931353,0.136747,0.183952,0.234487,0.279757,0.342719,0.391966,0.462386,0.544792,0.64054,0.752503,0.903034,1.04418,1.28982,1.57309
-0.0047235,-0.00112081,0.00385396,0.0110618,0.0200637,0.0307441,0.0438167,0.0595315,0.0769709,0.0983919,0.127325,0.163437,0.209258,0.271719,0.363801,0.478644,0.63021,0.834576
-0.00332773,0.0039243,0.0168998,0.0335093,0.052035,0.0719182,0.093551,0.112138,0.138037,0.168028,0.204765,0.249439,0.30512,0.385388,0.457086,0.621826,0.806739,1.04884
-0.00322083,0.0047274,0.019413,0.0388544,0.0614723,0.0858262,0.114431,0.138362,0.173674,0.214609,0.26143,0.318554,0.38877,0.47497,0.586288,0.761733,0.971824,1.24032
-0.00257919,0.0105177,0.0325265,0.0581908,0.0861359,0.114907,0.147228,0.172263,0.211418,0.240697,0.283818,0.336448,0.399226,0.49056,0.569321,0.683806,0.893744,1.14084
-0.00347738,0.00389336,0.0169137,0.0335177,0.0513751,0.0723324,0.091706,0.112239,0.136374,0.16465,0.198304,0.239298,0.288775,0.349807,0.44411,0.558573,0.709246,0.903768
-0.000552181,0.0271264,0.0693811,0.117026,0.169351,0.224905,0.27893,0.339526,0.40355,0.461877,0.541409,0.625654,0.726468,0.843288,1.0058,1.16102,1.36297,1.65713
-0.00166044,0.0188852,0.0495715,0.0859844,0.124072,0.16402,0.20155,0.24367,0.278858,0.327554,0.381825,0.44547,0.522498,0.617472,0.745149,0.904084,1.10628,1.37783
-0.00502248,-0.00186403,0.00222646,0.0066035,0.0137589,0.0207887,0.0273457,0.0386868,0.0494036,0.0660263,0.0878147,0.121672,0.156478,0.211264,0.294232,0.44219,0.613656,0.846811
-0.00254264,0.0110672,0.0341279,0.0622492,0.093104,0.125566,0.159455,0.196742,0.240426,0.272694,0.324499,0.384993,0.456586,0.555857,0.671963,0.767511,0.919685,1.20989
-0.000452183,0.0276102,0.0710289,0.118885,0.172511,0.229469,0.288114,0.346582,0.421033,0.475595,0.556875,0.64621,0.748373,0.868356,1.01144,1.18841,1.4062,1.67429
-0.00248268,0.0115933,0.0358681,0.0650225,0.0982327,0.135295,0.171386,0.216547,0.263964,0.304321,0.364387,0.436945,0.524241,0.62928,0.781157,0.96616,1.20158,1.50426
-0.00176262,0.0187011,0.0506942,0.0877729,0.12695,0.167625,0.205355,0.251425,0.291823,0.343685,0.397302,0.462703,0.540238,0.632827,0.745491,0.905553,1.08505,1.34011
-0.00344373,0.00446206,0.0186578,0.0373981,0.0591059,0.0840579,0.109828,0.133047,0.167946,0.217415,0.25237,0.311207,0.383441,0.485709,0.610455,0.766798,0.985661,1.27372
-0.0025842,0.0114323,0.0349227,0.0638733,0.0959151,0.129866,0.164331,0.199863,0.244143,0.282327,0.335063,0.398158,0.473082,0.562769,0.674744,0.831795,1.04368,1.29812
-0.00350083,0.00374757,0.0161121,0.0318928,0.04948,0.0685214,0.0876502,0.109049,0.126533,0.154232,0.186389,0.225549,0.273478,0.343178,0.404251,0.498041,0.683117,0.878141
-0.000564726,0.0262344,0.0673179,0.113008,0.16213,0.210943,0.268353,0.313966,0.374841,0.438973,0.492502,0.570369,0.663797,0.77462,0.934746,1.068,1.31544,1.61969
-0.00275764,0.0113652,0.035075,0.0638299,0.0956179,0.129483,0.164454,0.204388,0.236152,0.282783,0.333159,0.393227,0.464056,0.548318,0.660749,0.791435,0.964927,1.18757
-0.00166004,0.018685,0.0498094,0.0850079,0.122253,0.162529,0.198453,0.235192,0.277809,0.325108,0.37932,0.443906,0.521264,0.615768,0.731181,0.917228,1.12824,1.41152
-0.0035977,0.00391989,0.01686,0.0334123,0.0519613,0.0721356,0.0935239,0.116448,0.136873,0.165749,0.201467,0.245151,0.299214,0.371136,0.47001,0.598759,0.770307,0.993057
-0.000710987,0.0274799,0.0707895,0.119084,0.172616,0.229528,0.291219,0.350375,0.41866,0.497445,0.56113,0.65363,0.762986,0.892682,1.08226,1.26454,1.43956,1.82319
-0.00262939,0.0104308,0.0325088,0.0587502,0.0870763,0.114988,0.145394,0.176747,0.203594,0.241278,0.284509,0.335722,0.396607,0.470019,0.575349,0.701193,0.861435,1.07523
-0.00442294,-0.000739627,0.00518128,0.0141562,0.0258235,0.0391591,0.0568706,0.0761359,0.101116,0.126087,0.163396,0.210337,0.269404,0.351476,0.45941,0.557977,0.815322,1.0758
-0.00256466,0.0111458,0.0341714,0.062304,0.092808,0.125594,0.158662,0.19711,0.22793,0.269548,0.318888,0.376645,0.445004,0.526785,0.623703,0.76908,0.935848,1.15481
-0.00164005,0.0191498,0.0517493,0.0894169,0.13011,0.17308,0.215813,0.266029,0.31799,0.360132,0.421143,0.492002,0.575454,0.672316,0.802831,0.934625,1.13918,1.38872
-0.00045575,0.0275193,0.0691251,0.115021,0.165544,0.21908,0.271805,0.330376,0.386845,0.43966,0.514843,0.601994,0.692826,0.830205,0.969456,1.11844,1.31017,1.67711
-0.00464702,-0.000607074,0.00520019,0.0142712,0.026294,0.0396193,0.0569572,0.077716,0.102576,0.127708,0.16461,0.210386,0.267193,0.343622,0.451963,0.592911,0.770218,1.00298
-0.00164105,0.0191963,0.0531446,0.0928903,0.135968,0.182248,0.23146,0.277442,0.338093,0.387455,0.476323,0.531329,0.623997,0.734186,0.888103,1.03846,1.20509,1.54043
-0.000570068,0.0270809,0.0690539,0.116854,0.167529,0.220966,0.267174,0.334947,0.394346,0.446093,0.522527,0.599085,0.691956,0.803562,0.935829,1.09135,1.3092,1.55445
-0.00340852,0.004709,0.0195657,0.0392479,0.0624394,0.0877686,0.116263,0.142331,0.179327,0.221198,0.270014,0.328612,0.399752,0.485787,0.603578,0.753323,0.943694,1.18609
-0.00354808,0.00366665,0.0160092,0.0316251,0.0488589,0.0667758,0.0864823,0.106125,0.130491,0.148456,0.180402,0.219428,0.267577,0.33697,0.39964,0.546422,0.7125,0.926462
-0.000764786,0.0269936,0.0683958,0.112601,0.160966,0.211837,0.265224,0.318844,0.375874,0.448904,0.503899,0.584434,0.681556,0.824449,0.956094,1.11705,1.28128,1.6347
-0.000891439,0.0273938,0.0687195,0.113749,0.164755,0.219238,0.271308,0.330366,0.389234,0.46699,0.518455,0.602879,0.702328,0.821466,0.962398,1.14324,1.40527,1.7098
-0.0027089,0.0116707,0.0356975,0.0654763,0.0985706,0.133243,0.170155,0.212081,0.257971,0.294206,0.349229,0.413351,0.487905,0.577171,0.697931,0.827692,1.00705,1.23765
-0.00250442,0.0116975,0.0357627,0.0650985,0.0981771,0.133778,0.171359,0.205371,0.261025,0.299272,0.357535,0.427305,0.511113,0.61262,0.740488,0.92884,1.16568,1.46019
-0.000562367,0.0262397,0.0673737,0.112936,0.159989,0.208917,0.256445,0.307874,0.359989,0.425658,0.467978,0.538524,0.621991,0.72059,0.838167,0.990044,1.19752,1.4572
-0.000533325,0.0270745,0.0691998,0.11701,0.166045,0.218281,0.268353,0.329408,0.380322,0.438648,0.509227,0.586461,0.675431,0.780872,0.908757,1.06065,1.25628,1.49988
-0.000564306,0.0274995,0.0707517,0.120126,0.173077,0.229637,0.287001,0.349096,0.406758,0.492644,0.54994,0.640219,0.746038,0.872209,1.0271,1.23063,1.47363,1.78419
-0.000392749,0.0274203,0.0706349,0.11816,0.171587,0.228391,0.28695,0.345954,0.413555,0.484439,0.550385,0.63972,0.745172,0.868613,1.04376,1.22498,1.38658,1.75187
-0.00269345,0.010558,0.0324887,0.0587484,0.0869271,0.116179,0.14463,0.176608,0.205648,0.244901,0.288546,0.342304,0.40723,0.485623,0.586793,0.738943,0.922758,1.15827
-0.00335911,0.0042878,0.0178521,0.0356207,0.0561034,0.0778781,0.102413,0.129484,0.153541,0.18949,0.231027,0.28156,0.34381,0.434645,0.533089,0.628679,0.858234,1.09723
-0.00175667,0.0184519,0.0495546,0.0856275,0.123668,0.163504,0.203431,0.243526,0.279172,0.326775,0.380905,0.444286,0.515363,0.625279,0.707698,0.830295,1.00885,1.25198
-0.00152424,0.0194889,0.0519725,0.0914986,0.13387,0.17776,0.223878,0.277206,0.329973,0.375774,0.440073,0.515405,0.603763,0.709431,0.835837,1.0018,1.20059,1.45562
-0.00451323,-0.000963033,0.00449254,0.0124494,0.0228651,0.0324806,0.0487714,0.0664507,0.0867375,0.109603,0.142341,0.183418,0.236656,0.308088,0.417095,0.565291,0.750335,0.99295
-0.00462794,-0.000608453,0.0053178,0.0144994,0.0265433,0.0418674,0.0563792,0.079805,0.104768,0.130904,0.168291,0.214433,0.27154,0.350948,0.448377,0.567013,0.741393,0.955891
-0.00340869,0.00421298,0.017831,0.0355114,0.0557696,0.077917,0.101142,0.122486,0.152369,0.187197,0.228131,0.276919,0.336928,0.424371,0.517643,0.64747,0.827983,1.06278
-0.00519177,-0.00135495,0.0037265,0.0104857,0.0196924,0.0303322,0.0413382,0.0543179,0.0714396,0.0921694,0.118256,0.150823,0.19211,0.247831,0.33284,0.436938,0.579371,0.764095
-0.00250108,0.010816,0.0332372,0.0602304,0.0894267,0.11961,0.149406,0.177285,0.213007,0.251688,0.298523,0.353345,0.419782,0.501038,0.616566,0.763073,0.960495,1.20995
-0.00540366,-0.00204791,0.00225079,0.00734,0.0133695,0.0202885,0.0286209,0.0389686,0.0512998,0.068031,0.0917245,0.120203,0.159293,0.230883,0.318294,0.443072,0.614425,0.842392
-0.000574189,0.0278993,0.0710517,0.118987,0.172218,0.228645,0.290197,0.337214,0.41799,0.475294,0.55184,0.640973,0.743498,0.86244,1.00244,1.18845,1.40697,1.67419
-0.0026466,0.0113832,0.0349811,0.0640298,0.0961063,0.129137,0.168694,0.204234,0.239831,0.287049,0.342248,0.406861,0.48371,0.576632,0.697493,0.861233,1.06348,1.32091
-0.00374808,0.00436088,0.0185292,0.0370064,0.0582149,0.0816811,0.106951,0.135009,0.160742,0.195627,0.238515,0.289857,0.352486,0.443007,0.534957,0.680252,0.858183,1.10586
-0.00148803,0.0189493,0.05145,0.0891514,0.129586,0.173137,0.215243,0.261915,0.314527,0.356413,0.414351,0.484639,0.565418,0.660668,0.79294,0.913633,1.1084,1.36192
-0.00240333,0.0108078,0.0332112,0.060068,0.0891819,0.11897,0.150025,0.177868,0.214154,0.254419,0.301032,0.357025,0.424373,0.517929,0.60607,0.76635,0.965881,1.21596
-0.000459067,0.0276296,0.0706609,0.119714,0.172362,0.227839,0.290807,0.343495,0.416641,0.490126,0.560951,0.651618,0.792445,0.886279,1.07737,1.26025,1.43846,1.83075
-0.00325848,0.00474019,0.01947,0.0390067,0.0619701,0.0866731,0.115503,0.141271,0.176263,0.216738,0.265153,0.322002,0.391685,0.476415,0.584062,0.748851,0.942556,1.19295
-0.00339304,0.00451519,0.0186602,0.037261,0.0590219,0.082323,0.109454,0.133888,0.173167,0.201774,0.245464,0.298145,0.361667,0.438743,0.549754,0.674943,0.838962,1.04838
-0.00263473,0.0109202,0.0334297,0.0605854,0.0898977,0.120042,0.15151,0.181397,0.217932,0.259051,0.306598,0.363056,0.429584,0.509926,0.624488,0.75756,0.934582,1.16017
-0.00248715,0.0107217,0.0332668,0.0602948,0.0895451,0.118314,0.15055,0.183508,0.213635,0.254685,0.299525,0.353402,0.418038,0.497131,0.601453,0.735617,0.894335,1.12064
-0.00262547,0.0107858,0.0334345,0.0602908,0.0895537,0.120818,0.152036,0.187603,0.216925,0.258686,0.305889,0.362406,0.429893,0.529651,0.610564,0.73136,0.940038,1.17379
-0.000511253,0.0270865,0.0689896,0.115874,0.164465,0.216966,0.265668,0.324868,0.389391,0.444502,0.508091,0.58691,0.678658,0.783826,0.908697,1.08086,1.26886,1.51771
-0.00292156,0.010814,0.0333134,0.0601963,0.0892119,0.1191,0.149003,0.176031,0.220997,0.249952,0.294379,0.348311,0.413202,0.493908,0.58856,0.742723,0.924601,1.15909
-0.00167191,0.0194502,0.0525845,0.0907276,0.132062,0.178266,0.224788,0.272318,0.318143,0.374197,0.44076,0.516551,0.606676,0.715516,0.842591,1.00183,1.24957,1.53026
-0.000456227,0.0266112,0.0677859,0.113234,0.161597,0.21301,0.262531,0.317853,0.374318,0.426081,0.493293,0.569282,0.655584,0.757618,0.905272,1.03839,1.19465,1.44563
-0.00338088,0.00473749,0.0194547,0.0389982,0.0616787,0.08631,0.113811,0.146076,0.17222,0.211975,0.258301,0.312769,0.379604,0.461724,0.578729,0.72788,0.917687,1.15699
-0.00472063,-0.00134218,0.00300749,0.00933438,0.0165831,0.0255189,0.0371411,0.0499767,0.0651015,0.0838279,0.109704,0.142589,0.185983,0.255943,0.346105,0.464708,0.625359,0.835707
-0.00164302,0.0194316,0.0517279,0.0898845,0.130438,0.170155,0.215743,0.263282,0.304649,0.359413,0.420685,0.493786,0.58064,0.685101,0.820052,1.00281,1.23208,1.52015
-0.00332324,0.00392937,0.0169244,0.033556,0.0525386,0.0727676,0.0933971,0.117391,0.136731,0.167493,0.20414,0.247923,0.302137,0.380354,0.452355,0.593097,0.76468,1.00033
-0.00485523,-0.000945828,0.00459708,0.0128767,0.0235851,0.0355409,0.0516053,0.0702083,0.0895292,0.116124,0.149434,0.190705,0.24182,0.315057,0.401394,0.485515,0.687333,0.892215
-0.00467699,-0.0012517,0.00377337,0.0106065,0.0198413,0.0303939,0.0432639,0.0541937,0.0739557,0.0936269,0.121631,0.157547,0.205469,0.265327,0.361045,0.454081,0.645683,0.877478
-0.000495676,0.0267947,0.0688278,0.116629,0.166946,0.219423,0.269562,0.319476,0.38111,0.467723,0.512304,0.592324,0.687034,0.79975,0.937822,1.09868,1.30839,1.58245
-0.00330848,0.00394366,0.0169623,0.0336484,0.0526628,0.0716762,0.094192,0.111029,0.145393,0.166283,0.20256,0.246426,0.300204,0.377717,0.468938,0.555084,0.764637,0.982763
-0.00282821,0.0113299,0.0351352,0.0641631,0.0961168,0.131124,0.164615,0.19648,0.249267,0.286106,0.339629,0.402697,0.478442,0.56953,0.679388,0.838878,1.0351,1.27898
-0.00163248,0.0191784,0.0514649,0.0888907,0.129429,0.171649,0.215422,0.263239,0.314022,0.370863,0.413686,0.485356,0.568747,0.667553,0.800323,0.931134,1.15667,1.41756
-0.00458157,-0.000582176,0.00526913,0.0142629,0.0264726,0.0402167,0.0576195,0.0782445,0.101197,0.131025,0.168367,0.215726,0.272927,0.344354,0.461899,0.602237,0.779895,1.01381
-0.000593744,0.0270641,0.0691458,0.116316,0.168029,0.22317,0.281562,0.335792,0.402554,0.473786,0.548328,0.620888,0.719154,0.833181,1.00457,1.16512,1.35779,1.54425
-0.00149421,0.0189943,0.0505327,0.0889536,0.128675,0.168469,0.213905,0.262381,0.314178,0.352572,0.413644,0.484064,0.56838,0.668511,0.807384,0.960461,1.18543,1.45561
-0.00349575,0.00394524,0.0169411,0.0336315,0.0506156,0.0722374,0.0931946,0.117715,0.137566,0.16646,0.201621,0.244043,0.29585,0.362029,0.461087,0.575771,0.737506,0.942499
-0.00149626,0.0193827,0.0515818,0.0899234,0.13222,0.177208,0.222727,0.274387,0.329733,0.376705,0.445526,0.52457,0.640776,0.75167,0.887744,1.02218,1.21745,1.59325
-0.000596275,0.0274376,0.0694212,0.116894,0.165113,0.216956,0.27379,0.320908,0.385016,0.455795,0.506915,0.586321,0.678365,0.785064,0.912571,1.06895,1.2771,1.54114
-0.00481548,-0.00153895,0.00280427,0.00922935,0.0169829,0.0251397,0.0365414,0.0477465,0.0642035,0.0847458,0.11135,0.145408,0.189807,0.273361,0.375008,0.512407,0.696427,0.94415
-0.00273904,0.0116895,0.0360955,0.0655401,0.0990593,0.134513,0.174583,0.217355,0.265406,0.307843,0.370804,0.462014,0.527601,0.635532,0.792569,0.919701,1.20168,1.51029
-0.00249625,0.0107808,0.0332995,0.0603723,0.0892291,0.119949,0.152458,0.187586,0.215712,0.256494,0.304853,0.362721,0.432723,0.517824,0.622779,0.797017,1.00012,1.25543
-0.000555671,0.0271546,0.0686557,0.112666,0.163939,0.217699,0.26978,0.326684,0.388067,0.438343,0.504098,0.580716,0.667454,0.770202,0.891993,1.03628,1.22437,1.45933
-0.00283271,0.0113708,0.0348386,0.0640667,0.0963378,0.130938,0.169028,0.204249,0.241172,0.29129,0.346426,0.412557,0.490902,0.585369,0.722645,0.865748,1.00777,1.31966
-0.00159811,0.0189017,0.0503081,0.0875391,0.126871,0.167148,0.20958,0.253705,0.304346,0.345422,0.403265,0.473406,0.556605,0.656055,0.779728,0.96035,1.17865,1.45561
-0.00156825,0.0193428,0.0518165,0.0906268,0.13203,0.176336,0.22095,0.272991,0.327815,0.373806,0.438421,0.516638,0.606434,0.714329,0.847526,1.01214,1.26207,1.55213
-0.00480054,-0.0015036,0.00294668,0.00892012,0.0161538,0.0247548,0.0350466,0.0472528,0.0597705,0.0787607,0.102977,0.134148,0.175807,0.225611,0.336561,0.458488,0.623581,0.844922
-0.00254725,0.0110308,0.0341992,0.0622814,0.0928137,0.125301,0.158534,0.1959,0.231021,0.271487,0.323254,0.383375,0.45523,0.542698,0.665137,0.805063,1.00424,1.24739
-0.00473962,-0.000730542,0.00526582,0.0143029,0.0262041,0.0406566,0.0563786,0.0773221,0.0979716,0.127429,0.162786,0.206418,0.260314,0.328646,0.432309,0.556626,0.717518,0.924608
-0.00296922,0.0108996,0.0333587,0.0602566,0.0887671,0.118965,0.151161,0.179963,0.213752,0.253994,0.300115,0.354223,0.418974,0.498339,0.610005,0.74294,0.921873,1.14493
-0.00354412,0.00364101,0.0161076,0.0318809,0.0493839,0.0687358,0.0851232,0.109443,0.127098,0.155884,0.190766,0.233486,0.286929,0.363273,0.434101,0.598638,0.790007,1.03024
-0.000733283,0.0273937,0.0710826,0.120078,0.17351,0.231031,0.292236,0.348799,0.40553,0.484513,0.565498,0.658653,0.766829,0.895717,1.04693,1.23018,1.50048,1.81912
-0.00178706,0.0194171,0.0528663,0.0911612,0.132925,0.177562,0.225493,0.261971,0.328502,0.370352,0.434887,0.509678,0.595798,0.697971,0.818769,0.966701,1.18304,1.44122
-0.00052796,0.0270679,0.066714,0.110926,0.157914,0.206642,0.256657,0.30492,0.362903,0.411034,0.476873,0.550234,0.637977,0.769081,0.891881,1.03938,1.18903,1.52229
-0.00165241,0.0190146,0.0512826,0.0890639,0.129378,0.168388,0.218422,0.259512,0.311608,0.365976,0.407986,0.477082,0.557773,0.652117,0.774998,0.906815,1.11831,1.36724
-0.000396228,0.0270851,0.0693825,0.117583,0.169809,0.226395,0.286806,0.346763,0.4118,0.483338,0.549221,0.65239,0.739635,0.860411,1.0415,1.21205,1.36918,1.71529
-0.00507616,-0.00181382,0.00222035,0.00761826,0.0140148,0.0224057,0.0303637,0.0412364,0.0547328,0.071771,0.0959232,0.126997,0.168779,0.218749,0.33521,0.467562,0.641179,0.87783
-0.00346843,0.00394095,0.0168497,0.0334037,0.0520135,0.0726664,0.0921195,0.116148,0.142707,0.164847,0.201362,0.246184,0.312253,0.369428,0.468677,0.568027,0.791502,1.04421
